<?xml version='1.0' encoding='utf-8'?>
<manifest identifier='man01'>
	<organization default='toc01'>
		<tableofcontents identifier='toc01'/>
	</organization>
	<resources>
		<resource baseurl='res00000' identifier='res00000' type='assessment/x-bb-pool' file='res00000.dat'>
			<file href='ppg/examview/SOAL_TRYOUT1_MATEMATIKA_2019_update/mc010-1.jpg'/>
			<file href='ppg/examview/SOAL_TRYOUT1_MATEMATIKA_2019_update/mc022-1.jpg'/>
			<file href='ppg/examview/SOAL_TRYOUT1_MATEMATIKA_2019_update/mc022-2.jpg'/>
			<file href='ppg/examview/SOAL_TRYOUT1_MATEMATIKA_2019_update/mc022-3.jpg'/>
			<file href='ppg/examview/SOAL_TRYOUT1_MATEMATIKA_2019_update/mc022-4.jpg'/>
			<file href='ppg/examview/SOAL_TRYOUT1_MATEMATIKA_2019_update/mc025-1.jpg'/>
			<file href='ppg/examview/SOAL_TRYOUT1_MATEMATIKA_2019_update/mc027-1.jpg'/>
			<file href='ppg/examview/SOAL_TRYOUT1_MATEMATIKA_2019_update/mc028-1.jpg'/>
			<file href='ppg/examview/SOAL_TRYOUT1_MATEMATIKA_2019_update/mc030-1.jpg'/>
			<file href='ppg/examview/SOAL_TRYOUT1_MATEMATIKA_2019_update/mc032-1.jpg'/>
			<file href='ppg/examview/SOAL_TRYOUT1_MATEMATIKA_2019_update/mc032-2.jpg'/>
			<file href='ppg/examview/SOAL_TRYOUT1_MATEMATIKA_2019_update/mc032-3.jpg'/>
			<file href='ppg/examview/SOAL_TRYOUT1_MATEMATIKA_2019_update/mc032-4.jpg'/>
			<file href='ppg/examview/SOAL_TRYOUT1_MATEMATIKA_2019_update/mc036-1.jpg'/>
			<file href='ppg/examview/SOAL_TRYOUT1_MATEMATIKA_2019_update/mc036-2.jpg'/>
			<file href='ppg/examview/SOAL_TRYOUT1_MATEMATIKA_2019_update/mc036-3.jpg'/>
			<file href='ppg/examview/SOAL_TRYOUT1_MATEMATIKA_2019_update/mc036-4.jpg'/>
			<file href='ppg/examview/SOAL_TRYOUT1_MATEMATIKA_2019_update/mc037-1.jpg'/>
			<file href='ppg/examview/SOAL_TRYOUT1_MATEMATIKA_2019_update/mc038-1.jpg'/>
		</resource>
	</resources>
</manifest>
