<?xml version='1.0' encoding='utf-8'?>
<manifest identifier='man01'>
	<organization default='toc01'>
		<tableofcontents identifier='toc01'/>
	</organization>
	<resources>
		<resource baseurl='res00000' identifier='res00000' type='assessment/x-bb-pool' file='res00000.dat'>
			<file href='ppg/examview/SOAL_TRYOUT1_IPA_2/mc002-1.jpg'/>
			<file href='ppg/examview/SOAL_TRYOUT1_IPA_2/mc003-1.jpg'/>
			<file href='ppg/examview/SOAL_TRYOUT1_IPA_2/mc004-1.jpg'/>
			<file href='ppg/examview/SOAL_TRYOUT1_IPA_2/mc005-1.jpg'/>
			<file href='ppg/examview/SOAL_TRYOUT1_IPA_2/mc005-2.jpg'/>
			<file href='ppg/examview/SOAL_TRYOUT1_IPA_2/mc005-3.jpg'/>
			<file href='ppg/examview/SOAL_TRYOUT1_IPA_2/mc005-4.jpg'/>
			<file href='ppg/examview/SOAL_TRYOUT1_IPA_2/mc010-1.jpg'/>
			<file href='ppg/examview/SOAL_TRYOUT1_IPA_2/mc011-1.jpg'/>
			<file href='ppg/examview/SOAL_TRYOUT1_IPA_2/mc012-1.jpg'/>
			<file href='ppg/examview/SOAL_TRYOUT1_IPA_2/mc013-1.jpg'/>
			<file href='ppg/examview/SOAL_TRYOUT1_IPA_2/mc016-1.jpg'/>
			<file href='ppg/examview/SOAL_TRYOUT1_IPA_2/mc017-1.jpg'/>
			<file href='ppg/examview/SOAL_TRYOUT1_IPA_2/mc019-1.jpg'/>
			<file href='ppg/examview/SOAL_TRYOUT1_IPA_2/mc020-1.jpg'/>
			<file href='ppg/examview/SOAL_TRYOUT1_IPA_2/mc021-1.jpg'/>
			<file href='ppg/examview/SOAL_TRYOUT1_IPA_2/mc022-1.jpg'/>
			<file href='ppg/examview/SOAL_TRYOUT1_IPA_2/mc023-1.jpg'/>
			<file href='ppg/examview/SOAL_TRYOUT1_IPA_2/mc023-2.jpg'/>
			<file href='ppg/examview/SOAL_TRYOUT1_IPA_2/mc023-3.jpg'/>
			<file href='ppg/examview/SOAL_TRYOUT1_IPA_2/mc023-4.jpg'/>
			<file href='ppg/examview/SOAL_TRYOUT1_IPA_2/mc024-1.jpg'/>
			<file href='ppg/examview/SOAL_TRYOUT1_IPA_2/mc031-1.jpg'/>
			<file href='ppg/examview/SOAL_TRYOUT1_IPA_2/mc032-1.jpg'/>
			<file href='ppg/examview/SOAL_TRYOUT1_IPA_2/mc033-1.jpg'/>
			<file href='ppg/examview/SOAL_TRYOUT1_IPA_2/mc038-1.jpg'/>
			<file href='ppg/examview/SOAL_TRYOUT1_IPA_2/mc038-2.jpg'/>
			<file href='ppg/examview/SOAL_TRYOUT1_IPA_2/mc038-3.jpg'/>
			<file href='ppg/examview/SOAL_TRYOUT1_IPA_2/mc038-4.jpg'/>
			<file href='ppg/examview/SOAL_TRYOUT1_IPA_2/mc039-1.jpg'/>
		</resource>
	</resources>
</manifest>
